INSERT INTO TipoCargo (idTipoCargo, descTipoCargo) VALUES ('001', 'Analista Cliente');
INSERT INTO TipoCargo (idTipoCargo, descTipoCargo) VALUES ('002', 'Analista General');
INSERT INTO TipoCargo (idTipoCargo, descTipoCargo) VALUES ('003', 'Analista Sicologico');
INSERT INTO TipoCargo (idTipoCargo, descTipoCargo) VALUES ('004', 'AnalistaConocimiento');
INSERT INTO TipoCargo (idTipoCargo, descTipoCargo) VALUES ('005', 'AnalistaTecnologico');

INSERT INTO TipoContacto (idTipoContacto, descTipoContacto) VALUES ('DIR', 'Direccion');
INSERT INTO TipoContacto (idTipoContacto, descTipoContacto) VALUES ('OFI', 'Direccion Oficina');
INSERT INTO TipoContacto  (idTipoContacto, descTipoContacto) VALUES ('TEL', 'Telefono Fijo');
INSERT INTO TipoContacto (idTipoContacto, descTipoContacto) VALUES ('TEO', 'Telefono Oficina');
INSERT INTO TipoContacto (idTipoContacto, descTipoContacto) VALUES ('CEL', 'Celular');
INSERT INTO TipoContacto (idTipoContacto, descTipoContacto) VALUES ('LIK', 'Linkedin');
INSERT INTO TipoContacto (idTipoContacto, descTipoContacto) VALUES ('WHA', 'WhatsApp');

INSERT INTO TipoItemPerfil (idTipoItemPerfil, descTipoItemPerfil) VALUES ('0001', 'Estudios Tecnicos');
INSERT INTO TipoItemPerfil (idTipoItemPerfil, descTipoItemPerfil) VALUES ('0002', 'Estudios Tecnologico');
INSERT INTO TipoItemPerfil (idTipoItemPerfil, descTipoItemPerfil) VALUES ('0003', 'Estudios Pregrado');
INSERT INTO TipoItemPerfil (idTipoItemPerfil, descTipoItemPerfil) VALUES ('0004', 'Estudios Postgrados');
INSERT INTO TipoItemPerfil (idTipoItemPerfil, descTipoItemPerfil) VALUES ('0005', 'Estudios Doctorales');
INSERT INTO TipoItemPerfil (idTipoItemPerfil, descTipoItemPerfil) VALUES ('0006', 'Estudios No Formales');
INSERT INTO TipoItemPerfil (idTipoItemPerfil, descTipoItemPerfil) VALUES ('0007', 'Practicas Empresariales');
INSERT INTO TipoItemPerfil (idTipoItemPerfil, descTipoItemPerfil) VALUES ('0008', 'Idiomas');
INSERT INTO TipoItemPerfil (idTipoItemPerfil, descTipoItemPerfil) VALUES ('0009', 'Voluntariado');
INSERT INTO TipoItemPerfil (idTipoItemPerfil, descTipoItemPerfil) VALUES ('0010', 'Empleado');
INSERT INTO TipoItemPerfil (idTipoItemPerfil, descTipoItemPerfil) VALUES ('0011', 'Contratista');
INSERT INTO TipoItemPerfil (idTipoItemPerfil, descTipoItemPerfil) VALUES ('0012', 'Publicacion No indexada');
INSERT INTO TipoItemPerfil (idTipoItemPerfil, descTipoItemPerfil) VALUES ('0013', 'Publicacion Indexada');

INSERT INTO TipoItemPerfil2 (idTipoItemPerfil4, descTipoItemPerfil) VALUES ('0001', 'Estudios Tecnicos');
INSERT INTO TipoItemPerfil2 (idTipoItemPerfil4, descTipoItemPerfil) VALUES ('0002', 'Estudios Tecnologico');
INSERT INTO TipoItemPerfil2 (idTipoItemPerfil4, descTipoItemPerfil) VALUES ('0003', 'Estudios Pregrado');
INSERT INTO TipoItemPerfil2 (idTipoItemPerfil4, descTipoItemPerfil) VALUES ('0004', 'Estudios Postgrados');
INSERT INTO TipoItemPerfil2 (idTipoItemPerfil4, descTipoItemPerfil) VALUES ('0005', 'Estudios Doctorales');
INSERT INTO TipoItemPerfil2 (idTipoItemPerfil4, descTipoItemPerfil) VALUES ('0006', 'Estudios No Formales');
INSERT INTO TipoItemPerfil2 (idTipoItemPerfil4, descTipoItemPerfil) VALUES ('0007', 'Practicas Empresariales');
INSERT INTO TipoItemPerfil2 (idTipoItemPerfil4, descTipoItemPerfil) VALUES ('0008', 'Idiomas');
INSERT INTO TipoItemPerfil2 (idTipoItemPerfil4, descTipoItemPerfil) VALUES ('0009', 'Voluntariado');
INSERT INTO TipoItemPerfil2 (idTipoItemPerfil4, descTipoItemPerfil) VALUES ('0010', 'Empleado');
INSERT INTO TipoItemPerfil2 (idTipoItemPerfil4, descTipoItemPerfil) VALUES ('0011', 'Contratista');
INSERT INTO TipoItemPerfil2 (idTipoItemPerfil4, descTipoItemPerfil) VALUES ('0012', 'Publicacion No indexada');
INSERT INTO TipoItemPerfil2 (idTipoItemPerfil4, descTipoItemPerfil) VALUES ('0013', 'Publicacion Indexada');

INSERT INTO Disciplina (idDisciplina, descDisciplina) VALUES ('0001', 'Computacion');
INSERT INTO Disciplina (idDisciplina, descDisciplina) VALUES ('0002', 'Administracion');
INSERT INTO Disciplina (idDisciplina, descDisciplina) VALUES ('0003', 'Quimica');
INSERT INTO Disciplina (idDisciplina, descDisciplina) VALUES ('0004', 'Biologia');
INSERT INTO Disciplina (idDisciplina, descDisciplina) VALUES ('0005', 'Odontologia');
INSERT INTO Disciplina (idDisciplina, descDisciplina) VALUES ('0006', 'Medicina');
INSERT INTO Disciplina (idDisciplina, descDisciplina) VALUES ('0007', 'Sociologia');
INSERT INTO Disciplina (idDisciplina, descDisciplina) VALUES ('0008', 'Medicina');

INSERT INTO Disciplina2 (idDisciplina2, descDisciplina) VALUES ('0001', 'Computacion');
INSERT INTO Disciplina2 (idDisciplina2, descDisciplina) VALUES ('0002', 'Administracion');
INSERT INTO Disciplina2 (idDisciplina2, descDisciplina) VALUES ('0003', 'Quimica');
INSERT INTO Disciplina2 (idDisciplina2, descDisciplina) VALUES ('0004', 'Biologia');
INSERT INTO Disciplina2 (idDisciplina2, descDisciplina) VALUES ('0005', 'Odontologia');
INSERT INTO Disciplina2 (idDisciplina2, descDisciplina) VALUES ('0006', 'Medicina');
INSERT INTO Disciplina2 (idDisciplina2, descDisciplina) VALUES ('0007', 'Sociologia');
INSERT INTO Disciplina2 (idDisciplina2, descDisciplina) VALUES ('0008', 'Medicina');

INSERT INTO Fase (idFase, desFase) VALUES ('0001', 'Registrar Requerimiento');
INSERT INTO Fase (idFase, desFase) VALUES ('0002', 'Asignar Perfil');
INSERT INTO Fase (idFase, desFase) VALUES ('0003', 'Publicar Convocatoria');
INSERT INTO Fase (idFase, desFase) VALUES ('0004', 'Mandar Invitacion');
INSERT INTO Fase (idFase, desFase) VALUES ('0005', 'Preseleccion');
INSERT INTO Fase (idFase, desFase) VALUES ('0006', 'Realizar Prueba');
INSERT INTO Fase (idFase, desFase) VALUES ('0007', 'Entrevista');
INSERT INTO Fase (idFase, desFase) VALUES ('0008', 'Fase Final');

INSERT INTO Institucion (codInstitucion, nomInstitucion) VALUES ('00001', 'Universidad Distrital FJC');
INSERT INTO Institucion (codInstitucion, nomInstitucion) VALUES ('00002', 'Universidad Nacional BOG');
INSERT INTO Institucion (codInstitucion, nomInstitucion) VALUES ('00003', 'Universidad UIS ');
INSERT INTO Institucion (codInstitucion, nomInstitucion) VALUES ('00004', 'UPN');
INSERT INTO Institucion (codInstitucion, nomInstitucion) VALUES ('00005', 'Universidad de Antioquia');

INSERT INTO TipoPrueba (idTipoPrueba, descTipoPrueba) VALUES ('01', 'Prueba Conocimiento I');
INSERT INTO TipoPrueba (idTipoPrueba, descTipoPrueba) VALUES ('02', 'Prueba Conocimiento II');
INSERT INTO TipoPrueba (idTipoPrueba, descTipoPrueba) VALUES ('03', 'Prueba Especializada');
INSERT INTO TipoPrueba (idTipoPrueba, descTipoPrueba) VALUES ('04', 'Prueba Sicologica');
INSERT INTO TipoPrueba (idTipoPrueba, descTipoPrueba) VALUES ('05', 'Prueba Grupal');
INSERT INTO TipoPrueba (idTipoPrueba, descTipoPrueba) VALUES ('06', 'Prueba Tecnologica I');
INSERT INTO TipoPrueba (idTipoPrueba, descTipoPrueba) VALUES ('07', 'Prueba Tecnologica II');
INSERT INTO TipoPrueba (idTipoPrueba, descTipoPrueba) VALUES ('08', 'Prueba Tecnologica');
INSERT INTO TipoPrueba (idTipoPrueba, descTipoPrueba) VALUES ('09', 'Especializada');
INSERT INTO TipoPrueba (idTipoPrueba, descTipoPrueba) VALUES ('10', 'Prueba Ingles');
INSERT INTO TipoPrueba (idTipoPrueba, descTipoPrueba) VALUES ('11', 'Prueba Seguridad');

INSERT INTO TipoDoc (idTipoDoc, descTipoDoc) VALUES ('CC', 'Cedula');
INSERT INTO TipoDoc (idTipoDoc, descTipoDoc) VALUES ('TI', 'Tarjeta de identidad');
INSERT INTO TipoDoc (idTipoDoc, descTipoDoc) VALUES ('TE', 'Tarjeta Extranjeria');
INSERT INTO TipoDoc (idTipoDoc, descTipoDoc) VALUES ('CE', 'Cedula Extranjeria');
INSERT INTO TipoDoc (idTipoDoc, descTipoDoc) VALUES ('NIT', 'Nit');
INSERT INTO TipoDoc (idTipoDoc, descTipoDoc) VALUES ('PAS', 'Pasaporte');

INSERT INTO TipoPregunta (idTipoPregunta, descTipoPregunta) VALUES ('0001', 'Abierta');
INSERT INTO TipoPregunta (idTipoPregunta, descTipoPregunta) VALUES ('0002', 'Seleccion Multiple');
INSERT INTO TipoPregunta (idTipoPregunta, descTipoPregunta) VALUES ('0003', 'Seleccion unica');
INSERT INTO TipoPregunta (idTipoPregunta, descTipoPregunta) VALUES ('0004', 'Falso/Verdadero');
INSERT INTO TipoPregunta (idTipoPregunta, descTipoPregunta) VALUES ('0005', 'Completar');
INSERT INTO TipoPregunta (idTipoPregunta, descTipoPregunta) VALUES ('0006', 'Ubicar');
INSERT INTO TipoPregunta (idTipoPregunta, descTipoPregunta) VALUES ('0007', 'Emparejar');

INSERT INTO Perfil (idPerfil, idDisciplina, desPerfil) VALUES ('0001', '0001', 'Directivo Superior');
INSERT INTO Perfil (idPerfil, idDisciplina, desPerfil) VALUES ('0002', '0001', 'Directivo Medio');
INSERT INTO Perfil (idPerfil, idDisciplina, desPerfil) VALUES ('0003', '0001', 'Directivo Base');
INSERT INTO Perfil (idPerfil, idDisciplina, desPerfil) VALUES ('0004', '0001', 'Profesional Senior');
INSERT INTO Perfil (idPerfil, idDisciplina, desPerfil) VALUES ('0005', '0001', 'Profesional Semi senior');
INSERT INTO Perfil (idPerfil, idDisciplina, desPerfil) VALUES ('0006', '0001', 'Profesional Junior');
INSERT INTO Perfil (idPerfil, idDisciplina, desPerfil) VALUES ('0007', '0001', 'Tecnologo con Experiencia');
INSERT INTO Perfil (idPerfil, idDisciplina, desPerfil) VALUES ('0008', '0001', 'Tecnologo');
INSERT INTO Perfil (idPerfil, idDisciplina, desPerfil) VALUES ('0009', '0001', 'Tecnico con Experiencia');
INSERT INTO Perfil (idPerfil, idDisciplina, desPerfil) VALUES ('0010', '0001', 'Tecnico');
INSERT INTO Perfil (idPerfil, idDisciplina, desPerfil) VALUES ('0011', '0001', 'Bachiller');
INSERT INTO Perfil (idPerfil, idDisciplina, desPerfil) VALUES ('0012', '0001', 'Plantilla');

INSERT INTO ItemPerfil (idItem, idPerfil, idTipoItemPerfil, descItem) VALUES (0001, '0001', '0003', 'Estudios Pregrado');
INSERT INTO ItemPerfil (idItem, idPerfil, idTipoItemPerfil, descItem) VALUES (0002, '0001', '0004', 'Estudios Postgrados');
INSERT INTO ItemPerfil (idItem, idPerfil, idTipoItemPerfil, descItem) VALUES (0003, '0001', '0008', 'Idiomas');
INSERT INTO ItemPerfil (idItem, idPerfil, idTipoItemPerfil, descItem) VALUES (0004, '0001', '0010', 'Empleado');
INSERT INTO ItemPerfil (idItem, idPerfil, idTipoItemPerfil, descItem) VALUES (0005, '0001', '0011', 'Contratista');

INSERT INTO ItemPerfil (idItem, idPerfil, idTipoItemPerfil, descItem) VALUES (0006, '0004', '0003', 'Estudios Pregrado');
INSERT INTO ItemPerfil (idItem, idPerfil, idTipoItemPerfil, descItem) VALUES (0007, '0004', '0004', 'Estudios Postgrados');
INSERT INTO ItemPerfil (idItem, idPerfil, idTipoItemPerfil, descItem) VALUES (0008, '0004', '0008', 'Idiomas');
INSERT INTO ItemPerfil (idItem, idPerfil, idTipoItemPerfil, descItem) VALUES (0009, '0004', '0010', 'Empleado');
INSERT INTO ItemPerfil (idItem, idPerfil, idTipoItemPerfil, descItem) VALUES (0010, '0004', '0011', 'Contratista');
INSERT INTO ItemPerfil (idItem, idPerfil, idTipoItemPerfil, descItem) VALUES (0011, '0004', '0006', 'Estudios No Formales');

INSERT INTO Prueba (idPrueba, idFase, idDisciplina, idTipoPrueba, descPrueba, pruebaActiva, fechaCreada) VALUES ('00001', '0006', '0001', '02', 'Gestion Proyectos', '1', '23-05-2023');
INSERT INTO Prueba (idPrueba, idFase, idDisciplina, idTipoPrueba, descPrueba, pruebaActiva, fechaCreada) VALUES ('00002', '0006', '0001', '01', 'Bases de Datos', '1', '24-02-2023');
INSERT INTO Prueba (idPrueba, idFase, idDisciplina, idTipoPrueba, descPrueba, pruebaActiva, fechaCreada) VALUES ('00003', '0006', '0001', '07', 'Excel Analistica', '1', '25-11-2023');

INSERT INTO Pregunta (idPrueba, idTipoPregunta, descPregunta) VALUES ('00002', '0001', 'Pregunta 1');
INSERT INTO Pregunta (idPrueba, idTipoPregunta, descPregunta) VALUES ('00002', '0004', 'Pregunta 2');
INSERT INTO Pregunta (idPrueba, idTipoPregunta, descPregunta) VALUES ('00002', '0003', 'pregunta 3');

INSERT INTO Respuesta (idPrueba, consePregunta, respuesta) VALUES ('00002', '00001' ,'Respuesta 1');
INSERT INTO Respuesta (idPrueba, consePregunta, respuesta) VALUES ('00002', '00002' ,'F');
INSERT INTO Respuesta (idPrueba, consePregunta, respuesta) VALUES ('00002', '00002' ,'Única 3');

INSERT INTO PerfilFase (idFase, idPerfil) VALUES ('0001', '0001');
INSERT INTO PerfilFase (idFase, idPerfil) VALUES ('0002', '0001');
INSERT INTO PerfilFase (idFase, idPerfil) VALUES ('0003', '0001');
INSERT INTO PerfilFase (idFase, idPerfil) VALUES ('0004', '0001');
INSERT INTO PerfilFase (idFase, idPerfil) VALUES ('0005', '0001');
INSERT INTO PerfilFase (idFase, idPerfil) VALUES ('0006', '0001');
INSERT INTO PerfilFase (idFase, idPerfil) VALUES ('0007', '0001');
INSERT INTO PerfilFase (idFase, idPerfil) VALUES ('0008', '0001');
INSERT INTO PerfilFase (idFase, idPerfil) VALUES ('0001', '0004');
INSERT INTO PerfilFase (idFase, idPerfil) VALUES ('0002', '0004');
INSERT INTO PerfilFase (idFase, idPerfil) VALUES ('0003', '0004');
INSERT INTO PerfilFase (idFase, idPerfil) VALUES ('0004', '0004');
INSERT INTO PerfilFase (idFase, idPerfil) VALUES ('0005', '0004');
INSERT INTO PerfilFase (idFase, idPerfil) VALUES ('0006', '0004');
INSERT INTO PerfilFase (idFase, idPerfil) VALUES ('0007', '0004');
INSERT INTO PerfilFase (idFase, idPerfil) VALUES ('0008', '0004');
INSERT INTO PerfilFase (idFase, idPerfil) VALUES ('0001', '0007');
INSERT INTO PerfilFase (idFase, idPerfil) VALUES ('0002', '0007');
INSERT INTO PerfilFase (idFase, idPerfil) VALUES ('0003', '0007');
INSERT INTO PerfilFase (idFase, idPerfil) VALUES ('0004', '0007');
INSERT INTO PerfilFase (idFase, idPerfil) VALUES ('0005', '0007');
INSERT INTO PerfilFase (idFase, idPerfil) VALUES ('0006', '0007');
INSERT INTO PerfilFase (idFase, idPerfil) VALUES ('0007', '0007');
INSERT INTO PerfilFase (idFase, idPerfil) VALUES ('0008', '0007');
INSERT INTO PerfilFase (idFase, idPerfil) VALUES ('0001', '0010');
INSERT INTO PerfilFase (idFase, idPerfil) VALUES ('0002', '0010');
INSERT INTO PerfilFase (idFase, idPerfil) VALUES ('0003', '0010');
INSERT INTO PerfilFase (idFase, idPerfil) VALUES ('0004', '0010');
INSERT INTO PerfilFase (idFase, idPerfil) VALUES ('0005', '0010');
INSERT INTO PerfilFase (idFase, idPerfil) VALUES ('0006', '0010');
INSERT INTO PerfilFase (idFase, idPerfil) VALUES ('0007', '0010');
INSERT INTO PerfilFase (idFase, idPerfil) VALUES ('0008', '0010');
INSERT INTO PerfilFase (idFase, idPerfil) VALUES ('0001', '0012');

INSERT INTO FaseCargo (idTipoCargo, idFase) VALUES ( '001', '0001');
INSERT INTO FaseCargo (idTipoCargo, idFase) VALUES ( '002', '0002');
INSERT INTO FaseCargo (idTipoCargo, idFase) VALUES ( '002', '0003');
INSERT INTO FaseCargo (idTipoCargo, idFase) VALUES ( '002', '0004');
INSERT INTO FaseCargo (idTipoCargo, idFase) VALUES ( '002', '0005');
INSERT INTO FaseCargo (idTipoCargo, idFase) VALUES ( '002', '0008');
INSERT INTO FaseCargo (idTipoCargo, idFase) VALUES ( '004', '0006');
INSERT INTO FaseCargo (idTipoCargo, idFase) VALUES ( '004', '0006');
INSERT INTO FaseCargo (idTipoCargo, idFase) VALUES ( '004', '0006');
INSERT INTO FaseCargo (idTipoCargo, idFase) VALUES ( '004', '0006');
INSERT INTO FaseCargo (idTipoCargo, idFase) VALUES ( '005', '0006');
INSERT INTO FaseCargo (idTipoCargo, idFase) VALUES ( '005', '0006');
INSERT INTO FaseCargo (idTipoCargo, idFase) VALUES ( '005', '0006');
INSERT INTO FaseCargo (idTipoCargo, idFase) VALUES ( '005', '0006');
INSERT INTO FaseCargo (idTipoCargo, idFase) VALUES ( '003', '0006');
INSERT INTO FaseCargo (idTipoCargo, idFase) VALUES ( '003', '0006');
INSERT INTO FaseCargo (idTipoCargo, idFase) VALUES ( '003', '0006');
INSERT INTO FaseCargo (idTipoCargo, idFase) VALUES ( '003', '0007');

INSERT INTO Empleado (codEmpleado, nomEmpleado, apellEmpleado, fechaNac, fechaIngre, fechaEgreso, correo) VALUES ('00001', 'Fernando', 'Casallas', '30-06-1975', '20-02-2003', '', 'fernandoCass@gmail.com');
INSERT INTO Empleado (codEmpleado, nomEmpleado, apellEmpleado, fechaNac, fechaIngre, fechaEgreso, correo) VALUES ('00002', 'Maria', 'Lopez', '15-09-1982', '10-07-2005', '', 'mariaLopez@gmail.com');
INSERT INTO Empleado (codEmpleado, nomEmpleado, apellEmpleado, fechaNac, fechaIngre, fechaEgreso, correo) VALUES ('00003', 'Juan', 'Perez', '28-03-1990', '05-12-2012', '', 'juanPerez@gmail.com');
INSERT INTO Empleado (codEmpleado, nomEmpleado, apellEmpleado, fechaNac, fechaIngre, fechaEgreso, correo) VALUES ('00004', 'Ana', 'Gomez', '12-11-1985', '18-09-2008', '', 'anaGomez@gmail.com');
INSERT INTO Empleado (codEmpleado, nomEmpleado, apellEmpleado, fechaNac, fechaIngre, fechaEgreso, correo) VALUES ('00005', 'Carlos', 'Rodriguez', '03-07-1993', '22-03-2015', '', 'carlosRodriguez@gmail.com');
INSERT INTO Empleado (codEmpleado, nomEmpleado, apellEmpleado, fechaNac, fechaIngre, fechaEgreso, correo) VALUES ('00006', 'Laura', 'Sanchez', '19-05-1988', '14-11-2010', '', 'lauraSanchez@gmail.com');
INSERT INTO Empleado (codEmpleado, nomEmpleado, apellEmpleado, fechaNac, fechaIngre, fechaEgreso, correo) VALUES ('00007', 'Pedro', 'Gonzalez', '07-02-1996', '30-08-2018', '', 'pedroGonzalez@gmail.com');
INSERT INTO Empleado (codEmpleado, nomEmpleado, apellEmpleado, fechaNac, fechaIngre, fechaEgreso, correo) VALUES ('00008', 'Sofia', 'Martinez', '24-12-1980', '09-06-2003', '', 'sofiaMartinez@gmail.com');
INSERT INTO Empleado (codEmpleado, nomEmpleado, apellEmpleado, fechaNac, fechaIngre, fechaEgreso, correo) VALUES ('00009', 'Diego', 'Hernandez', '11-10-1991', '02-04-2014', '', 'diegoHernandez@gmail.com');
INSERT INTO Empleado (codEmpleado, nomEmpleado, apellEmpleado, fechaNac, fechaIngre, fechaEgreso, correo) VALUES ('00010', 'Valeria', 'Lopez', '28-08-1987', '17-12-2009', '', 'valeriaLopez@gmail.com');

INSERT INTO Cargo (codEmpleado, idTipoCargo, FechaInicioCargo, FechaFinCargo, descCargo) VALUES ('00001', '002', '20-02-2003', '', 'Analista General');
INSERT INTO Cargo (codEmpleado, idTipoCargo, FechaInicioCargo, FechaFinCargo, descCargo) VALUES ('00002', '002', '10-07-2005', '', 'Analista General');
INSERT INTO Cargo (codEmpleado, idTipoCargo, FechaInicioCargo, FechaFinCargo, descCargo) VALUES ('00008', '005', '09-06-2003', '', 'Analista Tecnologico');
INSERT INTO Cargo (codEmpleado, idTipoCargo, FechaInicioCargo, FechaFinCargo, descCargo) VALUES ('00003', '005', '05-12-2012', '', 'Analista Tecnologico');
INSERT INTO Cargo (codEmpleado, idTipoCargo, FechaInicioCargo, FechaFinCargo, descCargo) VALUES ('00004', '001', '18-09-2008', '', 'Analista Cliente');
INSERT INTO Cargo (codEmpleado, idTipoCargo, FechaInicioCargo, FechaFinCargo, descCargo) VALUES ('00005', '001', '22-03-2015', '', 'Analista Cliente');
INSERT INTO Cargo (codEmpleado, idTipoCargo, FechaInicioCargo, FechaFinCargo, descCargo) VALUES ('00006', '003', '14-11-2010', '', 'Analista Sicologico');
INSERT INTO Cargo (codEmpleado, idTipoCargo, FechaInicioCargo, FechaFinCargo, descCargo) VALUES ('00007', '003', '30-08-2018', '', 'Analista Sicologico');
INSERT INTO Cargo (codEmpleado, idTipoCargo, FechaInicioCargo, FechaFinCargo, descCargo) VALUES ('00009', '004', '02-04-2014', '', 'Analista Conocimiento');
INSERT INTO Cargo (codEmpleado, idTipoCargo, FechaInicioCargo, FechaFinCargo, descCargo) VALUES ('00010', '004', '17-12-2009', '', 'Analista Conocimiento');

INSERT INTO Requerimiento ( codEmpleado, Emp_codEmpleado, fechaReque, salarioMax, salarioMin, desFuncion, desCarreras, nVvacantes) VALUES ( '00001', '00004', '23-05-2023', '30000', '1000', 'Profesional senior', 'Computacion', '1');
INSERT INTO Requerimiento ( codEmpleado, Emp_codEmpleado, fechaReque, salarioMax, salarioMin, desFuncion, desCarreras, nVvacantes) VALUES ( '00001', '00005', '24-10-2022', '25000', '3000', 'Profesional senior', 'Computacion', '4');
INSERT INTO Requerimiento ( codEmpleado, Emp_codEmpleado, fechaReque, salarioMax, salarioMin, desFuncion, desCarreras, nVvacantes) VALUES ( '00002', '00004', '13-02-2021', '20000', '3000', 'Profesional senior', 'Computacion', '3');
INSERT INTO Requerimiento ( codEmpleado, Emp_codEmpleado, fechaReque, salarioMax, salarioMin, desFuncion, desCarreras, nVvacantes) VALUES ( '00002', '00005', '12-09-2022', '30000', '10000', 'Directivo Superior', 'Computacion', '1');
INSERT INTO Requerimiento ( codEmpleado, Emp_codEmpleado, fechaReque, salarioMax, salarioMin, desFuncion, desCarreras, nVvacantes) VALUES ( '00001', '00004', '07-12-2021', '25000', '5000', 'Directivo Superior', 'Computacion', '1');
INSERT INTO Requerimiento ( codEmpleado, Emp_codEmpleado, fechaReque, salarioMax, salarioMin, desFuncion, desCarreras, nVvacantes) VALUES ( '00001', '00005', '22-06-2022', '25000', '5000', 'Directivo Superior', 'Computacion', '1');

INSERT INTO Candidato (usuario, idTipoDoc, idDisciplina2, nombre, apellido, fechaNac, nDoc) VALUES ('DylanSolarte01', 'CC', '0001', 'Dylan', 'Solarte', '14-01-2000', 12345678);
INSERT INTO Candidato (usuario, idTipoDoc, idDisciplina2, nombre, apellido, fechaNac, nDoc) VALUES ('CristianEspitia123', 'CC', '0001', 'Cristian', 'Espitia', '23-02-2001', 3742442680);
INSERT INTO Candidato (usuario, idTipoDoc, idDisciplina2, nombre, apellido, fechaNac, nDoc) VALUES ('CrisCasas706', 'CC', '0001', 'Cristian', 'Casas', '28-05-2001', 1431038366);
INSERT INTO Candidato (usuario, idTipoDoc, idDisciplina2, nombre, apellido, fechaNac, nDoc) VALUES ('elAndres207', 'CE', '0001', 'Andres', 'Diaz', '03-04-1998', 7881396645);
INSERT INTO Candidato (usuario, idTipoDoc, idDisciplina2, nombre, apellido, fechaNac, nDoc) VALUES ('luisAguilar233', 'CC', '0001', 'Luis', 'Aguilar', '24-08-1992', 5855736071);
INSERT INTO Candidato (usuario, idTipoDoc, idDisciplina2, nombre, apellido, fechaNac, nDoc) VALUES ('leidySsrz02', 'CE', '0001', 'Leidy', 'Suarez', '08-03-1990', 3196775566);
INSERT INTO Candidato (usuario, idTipoDoc, idDisciplina2, nombre, apellido, fechaNac, nDoc) VALUES ('holmanRR2023', 'CC', '0002', 'Holman', 'Ramirez', '26-12-2001', 2321143852);
INSERT INTO Candidato (usuario, idTipoDoc, idDisciplina2, nombre, apellido, fechaNac, nDoc) VALUES ('lauraPerez05', 'CC', '0003', 'Laura', 'Perez', '02-07-1995', 1635157295);
INSERT INTO Candidato (usuario, idTipoDoc, idDisciplina2, nombre, apellido, fechaNac, nDoc) VALUES ('valentinaBecerra', 'CE', '0004', 'Valentina', 'Becerra', '24-11-2000', 4497464334);
INSERT INTO Candidato (usuario, idTipoDoc, idDisciplina2, nombre, apellido, fechaNac, nDoc) VALUES ('carolinaSanchez2', 'CC', '0005', 'Carolina', 'Sanchez', '18-09-1992', 0982822481);

INSERT INTO HV (idTipoItemPerfil4, codInstitucion, usuario, fechaIniAct, fechaFinAct, descActividad, funcionActividad) VALUES ('0004', '00001', 'DylanSolarte01', '22-03-2016', '', 'Programador Senior', 'Programar');
INSERT INTO HV (idTipoItemPerfil4, codInstitucion, usuario, fechaIniAct, fechaFinAct, descActividad, funcionActividad) VALUES ('0004', '00002', 'elAndres207', '14-08-2018', '', 'Programar', 'Java,Python');
INSERT INTO HV (idTipoItemPerfil4, codInstitucion, usuario, fechaIniAct, fechaFinAct, descActividad, funcionActividad) VALUES ('0004', '00001', 'CristianEspitia123', '05-09-2022', '', 'Programar', 'Ingeniero');
INSERT INTO HV (idTipoItemPerfil4, codInstitucion, usuario, fechaIniAct, fechaFinAct, descActividad, funcionActividad) VALUES ('0004', '00001', 'CrisCasas706', '29-11-2017', '', 'Programar', '');
INSERT INTO HV (idTipoItemPerfil4, codInstitucion, usuario, fechaIniAct, fechaFinAct, descActividad, funcionActividad) VALUES ('0004', '00003', 'luisAguilar233', '25-03-2019', '', 'Programar', '');
INSERT INTO HV (idTipoItemPerfil4, codInstitucion, usuario, fechaIniAct, fechaFinAct, descActividad, funcionActividad) VALUES ('0004', '00005', 'leidySsrz02', '13-04-2018', '', 'Programar', '');
INSERT INTO HV (idTipoItemPerfil4, codInstitucion, usuario, fechaIniAct, fechaFinAct, descActividad, funcionActividad) VALUES ('0001', '00005', 'holmanRR2023', '01-10-2020', '', 'Administrar', '');
INSERT INTO HV (idTipoItemPerfil4, codInstitucion, usuario, fechaIniAct, fechaFinAct, descActividad, funcionActividad) VALUES ('0005', '00002', 'lauraPerez05', '07-07-2023', '', 'Quimica', '');
INSERT INTO HV (idTipoItemPerfil4, codInstitucion, usuario, fechaIniAct, fechaFinAct, descActividad, funcionActividad) VALUES ('0003', '00005', 'valentinaBecerra', '11-09-2020', '', 'Biologa', '');
INSERT INTO HV (idTipoItemPerfil4, codInstitucion, usuario, fechaIniAct, fechaFinAct, descActividad, funcionActividad) VALUES ('0003', '00002', 'carolinaSanchez2', '16-02-2021', '', 'Odontologa', '');

INSERT INTO ProcesoRequerimiento (consecReque, idFase, idPerfil, codEmpleado, fechaInicio, fechaFin, Convocatoria, Invitacion) VALUES ( '00001' ,'0001', '0004', '00001', '22-03-2016', '22-06-2016', 'Profesional Senior con dominio en Python,Java,Bases de Datos', 'Estimada Candidata Sofia solicitamos su perfil para el puesto de Profesional Senior,gracias');
INSERT INTO ProcesoRequerimiento (consecReque, idFase, idPerfil, codEmpleado, fechaInicio, fechaFin, Convocatoria, Invitacion) VALUES ( '00002' ,'0001', '0004', '00001', '23-03-2014', '07-08-2015', 'Profesional Senior con conocimientos en C#,SQL', 'Estimado Candidato Juan, te invitamos a participar en el proceso de seleccion para el puesto de PProfesional Senior. ¡Esperamos contar con tu perfil!');
INSERT INTO ProcesoRequerimiento (consecReque, idFase, idPerfil, codEmpleado, fechaInicio, fechaFin, Convocatoria, Invitacion) VALUES ( '00003' ,'0001', '0004', '00002', '24-03-2023', '15-11-2023', 'Profesional Senior con experiencia en HTML,CSS,JavaScript', 'Estimada Candidata Laura, nos gustaria contar con tu perfil para el puesto de Profesional Senior. ¡Esperamos tu participacion en el proceso de seleccion!');
INSERT INTO ProcesoRequerimiento (consecReque, idFase, idPerfil, codEmpleado, fechaInicio, fechaFin, Convocatoria, Invitacion) VALUES ( '00004' ,'0001', '0001', '00002', '22-01-2020', '22-07-2020', 'Director Superior con dominio en Python,Java,Bases de Datos', 'Estimada Candidata Dylan solicitamos su perfil para el puesto de Director Superior,gracias');
INSERT INTO ProcesoRequerimiento (consecReque, idFase, idPerfil, codEmpleado, fechaInicio, fechaFin, Convocatoria, Invitacion) VALUES ( '00005' ,'0002', '0001', '00001', '25-03-2022', '30-09-2022', 'Director Superior con conocimientos en Python,JavaScript', 'Estimado Candidato Carlos, te invitamos a participar en el proceso de seleccion para el puesto de Director Superior. ¡Esperamos contar con tu perfil!');
INSERT INTO ProcesoRequerimiento (consecReque, idFase, idPerfil, codEmpleado, fechaInicio, fechaFin, Convocatoria, Invitacion) VALUES ( '00006' ,'0002', '0001', '00001', '26-03-2021', '31-12-2021', 'Director Superior con experiencia en C#,SQL', 'Estimada Candidata Ana, nos gustaria contar con tu perfil para el puesto deDirector Superior. ¡Esperamos tu participacion en el proceso de seleccion!');

commit;